ImageURL,ImageDescription
'https://www.themealdb.com/images/media/meals/wxywrq1468235067.jpg','photo of Apple Frangipan Tart'
'https://www.themealdb.com/images/media/meals/xvsurr1511719182.jpg','photo of Apple & Blackberry Crumble'
'https://www.themealdb.com/images/media/meals/adxcbq1619787919.jpg','photo of Apam balik'
'https://www.themealdb.com/images/media/meals/020z181619788503.jpg','photo of Ayam Percik'
'https://www.themealdb.com/images/media/meals/wyrqqq1468233628.jpg','photo of Bakewell tart'
'https://www.themealdb.com/images/media/meals/xqwwpy1483908697.jpg','photo of Bread and Butter Pudding'
'https://www.themealdb.com/images/media/meals/vvpprx1487325699.jpg','photo of Beef Wellington'
'https://www.themealdb.com/images/media/meals/urtpqw1487341253.jpg','photo of Baingan Bharta'
'https://www.themealdb.com/images/media/meals/ursuup1487348423.jpg','photo of Beef Brisket Pot Roast'
'https://www.themealdb.com/images/media/meals/ssrrrs1503664277.jpg','photo of Beef Sunday Roast'
'https://www.themealdb.com/images/media/meals/uuqvwu1504629254.jpg','photo of Braised Beef Chilli'
'https://www.themealdb.com/images/media/meals/svprys1511176755.jpg','photo of Beef stroganoff'
'https://www.themealdb.com/images/media/meals/tvvxpv1511191952.jpg','photo of Broccoli & Stilton soup'
'https://www.themealdb.com/images/media/meals/vxuyrx1511302687.jpg','photo of Bean & Sausage Hotpot'
'https://www.themealdb.com/images/media/meals/sywswr1511383814.jpg','photo of Banana Pancakes'
'https://www.themealdb.com/images/media/meals/uyqrrv1511553350.jpg','photo of Beef Dumpling Stew'
'https://www.themealdb.com/images/media/meals/sytuqu1511553755.jpg','photo of Beef and Mustard Pie'
'https://www.themealdb.com/images/media/meals/wrssvt1511556563.jpg','photo of Beef and Oyster pie'
'https://www.themealdb.com/images/media/meals/rpvptu1511641092.jpg','photo of Blackberry Fool'
'https://www.themealdb.com/images/media/meals/ywwrsp1511720277.jpg','photo of Battenberg Cake'
'https://www.themealdb.com/images/media/meals/vtqxtu1511784197.jpg','photo of Beef Bourguignon'
'https://www.themealdb.com/images/media/meals/qqpwsy1511796276.jpg','photo of Brie wrapped in prosciutto & brioche'
'https://www.themealdb.com/images/media/meals/qywups1511796761.jpg','photo of Boulangre Potatoes'
'https://www.themealdb.com/images/media/meals/ryppsv1511815505.jpg','photo of BeaverTails'
'https://www.themealdb.com/images/media/meals/sypxpx1515365095.jpg','photo of Brown Stew Chicken'
'https://www.themealdb.com/images/media/meals/1529444830.jpg','photo of Beef Lo Mein'
'https://www.themealdb.com/images/media/meals/1548772327.jpg','photo of Baked salmon with fennel & tomatoes'
'https://www.themealdb.com/images/media/meals/1549542877.jpg','photo of Budino Di Ricotta'
'https://www.themealdb.com/images/media/meals/1550441882.jpg','photo of Breakfast Potatoes'
'https://www.themealdb.com/images/media/meals/lhqev81565090111.jpg','photo of Bitterballen (Dutch meatballs)'
'https://www.themealdb.com/images/media/meals/atd5sh1583188467.jpg','photo of BBQ Pork Sloppy Joes'
'https://www.themealdb.com/images/media/meals/z0ageb1583189517.jpg','photo of Beef Banh Mi Bowls with Sriracha Mayo, Carrot & Pickled Cucumber'
'https://www.themealdb.com/images/media/meals/urzj1d1587670726.jpg','photo of Big Mac'
'https://www.themealdb.com/images/media/meals/md8w601593348504.jpg','photo of Bigos (Hunters Stew)'
'https://www.themealdb.com/images/media/meals/naqyel1608588563.jpg','photo of Boxty Breakfast'
'https://www.themealdb.com/images/media/meals/bc8v651619789840.jpg','photo of Beef Rendang'
'https://www.themealdb.com/images/media/meals/tkxquw1628771028.jpg','photo of Burek'
'https://www.themealdb.com/images/media/meals/cgl60b1683206581.jpg','photo of Beef Mechado'
'https://www.themealdb.com/images/media/meals/4pqimk1683207418.jpg','photo of Bistek'
'https://www.themealdb.com/images/media/meals/41cxjh1683207682.jpg','photo of Beef Caldereta'
'https://www.themealdb.com/images/media/meals/pkopc31683207947.jpg','photo of Beef Asado'
'https://www.themealdb.com/images/media/meals/hqaejl1695738653.jpg','photo of Bread omelette'
'https://www.themealdb.com/images/media/meals/zadvgb1699012544.jpg','photo of Beetroot Soup (Borscht)'
'https://www.themealdb.com/images/media/meals/0206h11699013358.jpg','photo of Blini Pancakes'
'https://www.themealdb.com/images/media/meals/tqtywx1468317395.jpg','photo of Chocolate Gateau'
'https://www.themealdb.com/images/media/meals/qtuwxu1468233098.jpg','photo of Chicken Enchilada Casserole'
'https://www.themealdb.com/images/media/meals/wurrux1468416624.jpg','photo of Cream Cheese Tart'
'https://www.themealdb.com/images/media/meals/vvusxs1483907034.jpg','photo of Christmas Pudding Flapjack'
'https://www.themealdb.com/images/media/meals/wyxwsp1486979827.jpg','photo of Chicken Handi'
'https://www.themealdb.com/images/media/meals/syqypv1486981727.jpg','photo of Chicken Alfredo Primavera'
'https://www.themealdb.com/images/media/meals/qrqywr1503066605.jpg','photo of Chicken Fajita Mac and Cheese'
'https://www.themealdb.com/images/media/meals/uvuyxu1503067369.jpg','photo of Cajun spiced fish tacos'
'https://www.themealdb.com/images/media/meals/ypxvwv1505333929.jpg','photo of Crock Pot Chicken Baked Tacos'
'https://www.themealdb.com/images/media/meals/tyywsw1505930373.jpg','photo of Chicken Karaage'
'https://www.themealdb.com/images/media/meals/qstyvs1505931190.jpg','photo of Coq au vin'
'https://www.themealdb.com/images/media/meals/usywpp1511189717.jpg','photo of Chilli prawn linguine'
'https://www.themealdb.com/images/media/meals/rvtvuw1511190488.jpg','photo of Clam chowder'
'https://www.themealdb.com/images/media/meals/stpuws1511191310.jpg','photo of Creamy Tomato Soup'
'https://www.themealdb.com/images/media/meals/uuuspp1511297945.jpg','photo of Chicken & mushroom Hotpot'
'https://www.themealdb.com/images/media/meals/qxytrx1511304021.jpg','photo of Chicken Couscous'
'https://www.themealdb.com/images/media/meals/uttuxy1511382180.jpg','photo of Chocolate Avocado Mousse'
'https://www.themealdb.com/images/media/meals/rqvwxt1511384809.jpg','photo of Choc Chip Pecan Pie'
'https://www.themealdb.com/images/media/meals/yypvst1511386427.jpg','photo of Chocolate Raspberry Brownies'
'https://www.themealdb.com/images/media/meals/tvtxpq1511464705.jpg','photo of Chickpea Fajitas'
'https://www.themealdb.com/images/media/meals/xrrtss1511555269.jpg','photo of Chicken Ham and Leek Pie'
'https://www.themealdb.com/images/media/meals/uwvxpv1511557015.jpg','photo of Chicken Parmentier'
'https://www.themealdb.com/images/media/meals/vrspxv1511722107.jpg','photo of Carrot Cake'
'https://www.themealdb.com/images/media/meals/vqpwrv1511723001.jpg','photo of Chelsea Buns'
'https://www.themealdb.com/images/media/meals/twspvx1511784937.jpg','photo of Chocolate Souffle'
'https://www.themealdb.com/images/media/meals/qtqwwu1511792650.jpg','photo of Chinon Apple Tarts'
'https://www.themealdb.com/images/media/meals/qpxvuq1511798906.jpg','photo of Chicken Marengo'
'https://www.themealdb.com/images/media/meals/wpputp1511812960.jpg','photo of Canadian Butter Tarts'
'https://www.themealdb.com/images/media/meals/wruvqv1511880994.jpg','photo of Chicken Basquaise'
'https://www.themealdb.com/images/media/meals/ussyxw1515364536.jpg','photo of Callaloo Jamaican Style'
'https://www.themealdb.com/images/media/meals/1529446352.jpg','photo of Chicken Congee'
'https://www.themealdb.com/images/media/meals/1550442508.jpg','photo of Chocolate Caramel Crispy'
'https://www.themealdb.com/images/media/meals/gpz67p1560458984.jpg','photo of Chakchouka '
'https://www.themealdb.com/images/media/meals/t3r3ka1560461972.jpg','photo of Cashew Ghoriba Biscuits'
'https://www.themealdb.com/images/media/meals/58oia61564916529.jpg','photo of Corba'
'https://www.themealdb.com/images/media/meals/r33cud1576791081.jpg','photo of Christmas Pudding Trifle'
'https://www.themealdb.com/images/media/meals/1d85821576790598.jpg','photo of Classic Christmas pudding'
'https://www.themealdb.com/images/media/meals/ldnrm91576791881.jpg','photo of Christmas cake'
'https://www.themealdb.com/images/media/meals/xb97a81583266727.jpg','photo of Corned Beef and Cabbage'
'https://www.themealdb.com/images/media/meals/st1ifa1583267248.jpg','photo of Crispy Sausages and Greens'
'https://www.themealdb.com/images/media/meals/k29viq1585565980.jpg','photo of Chicken Quinoa Greek Salad'
'https://www.themealdb.com/images/media/meals/sbx7n71587673021.jpg','photo of Chick-Fil-A Sandwich'
'https://www.themealdb.com/images/media/meals/7vpsfp1608588991.jpg','photo of Coddled pork with cider'
'https://www.themealdb.com/images/media/meals/vc08jn1628769553.jpg','photo of Cevapi Sausages'
'https://www.themealdb.com/images/media/meals/pn59o51628769837.jpg','photo of Croatian lamb peka'
'https://www.themealdb.com/images/media/meals/tnwy8m1628770384.jpg','photo of Croatian Bean Stew'
'https://www.themealdb.com/images/media/meals/n7qnkb1630444129.jpg','photo of Chivito uruguayo'
'https://www.themealdb.com/images/media/meals/c7lzrl1683208757.jpg','photo of Crispy Eggplant'
'https://www.themealdb.com/images/media/meals/60oc3k1699009846.jpg','photo of Cabbage Soup (Shchi)'
'https://www.themealdb.com/images/media/meals/wuxrtu1483564410.jpg','photo of Dal fry'
'https://www.themealdb.com/images/media/meals/wxyvqq1511723401.jpg','photo of Dundee cake'
'https://www.themealdb.com/images/media/meals/wvpvsu1511786158.jpg','photo of Duck Confit'
'https://www.themealdb.com/images/media/meals/uuxwvq1483907861.jpg','photo of Eton Mess'
'https://www.themealdb.com/images/media/meals/wtqrqw1511639627.jpg','photo of Eccles Cakes'
'https://www.themealdb.com/images/media/meals/utxryw1511721587.jpg','photo of English Breakfast'
'https://www.themealdb.com/images/media/meals/1520084413.jpg','photo of Escovitch Fish'
'https://www.themealdb.com/images/media/meals/1529446137.jpg','photo of Egg Drop Soup'
'https://www.themealdb.com/images/media/meals/rlwcc51598734603.jpg','photo of Egyptian Fatteh'
'https://www.themealdb.com/images/media/meals/y7h0lq1683208991.jpg','photo of Eggplant Adobo'
'https://www.themealdb.com/images/media/meals/ysxwuq1487323065.jpg','photo of Fish pie'
'https://www.themealdb.com/images/media/meals/vwwspt1487394060.jpg','photo of French Lentils With Garlic and Thyme'
'https://www.themealdb.com/images/media/meals/uquqtu1511178042.jpg','photo of Fettucine alfredo'
'https://www.themealdb.com/images/media/meals/sqrtwu1511721265.jpg','photo of Full English Breakfast'
'https://www.themealdb.com/images/media/meals/xvrrux1511783685.jpg','photo of French Onion Soup'
'https://www.themealdb.com/images/media/meals/wssvvs1511785879.jpg','photo of Flamiche'
'https://www.themealdb.com/images/media/meals/yvpuuy1511797244.jpg','photo of French Omelette'
'https://www.themealdb.com/images/media/meals/vptqpw1511798500.jpg','photo of Fish Stew with Rouille'
'https://www.themealdb.com/images/media/meals/ytttsv1511798734.jpg','photo of Fennel Dauphinoise'
'https://www.themealdb.com/images/media/meals/1543774956.jpg','photo of Fruit and Cream Cheese Breakfast Pastries'
'https://www.themealdb.com/images/media/meals/b5ft861583188991.jpg','photo of French Onion Chicken with Roasted Carrots & Mashed Potatoes'
'https://www.themealdb.com/images/media/meals/lvn2d51598732465.jpg','photo of Ful Medames'
'https://www.themealdb.com/images/media/meals/9f4z6v1598734293.jpg','photo of Feteer Meshaltet'
'https://www.themealdb.com/images/media/meals/a15wsa1614349126.jpg','photo of Fish fofos'
'https://www.themealdb.com/images/media/meals/nv5lf31628771380.jpg','photo of Fresh sardines'
'https://www.themealdb.com/images/media/meals/0jv5gx1661040802.jpg','photo of Fettuccine Alfredo'
'https://www.themealdb.com/images/media/meals/7n8su21699013057.jpg','photo of Fish Soup (Ukha)'
'https://www.themealdb.com/images/media/meals/wuvryu1468232995.jpg','photo of Garides Saganaki'
'https://www.themealdb.com/images/media/meals/xutquv1505330523.jpg','photo of Grilled Mac and Cheese Sandwich'
'https://www.themealdb.com/images/media/meals/1529444113.jpg','photo of General Tso's Chicken'
'https://www.themealdb.com/images/media/meals/b79r6f1585566277.jpg','photo of Gigantes Plaki'
'https://www.themealdb.com/images/media/meals/q8sp3j1593349686.jpg','photo of Gobki (cabbage roll)'
'https://www.themealdb.com/images/media/meals/lpd4wy1614347943.jpg','photo of Grilled Portuguese sardines'
'https://www.themealdb.com/images/media/meals/bopa2i1683209167.jpg','photo of Grilled eggplant with coconut milk'
'https://www.themealdb.com/images/media/meals/xxyupu1468262513.jpg','photo of Honey Teriyaki Salmon'
'https://www.themealdb.com/images/media/meals/xrysxr1483568462.jpg','photo of Hot Chocolate Fudge'
'https://www.themealdb.com/images/media/meals/1529445893.jpg','photo of Hot and Sour Soup'
'https://www.themealdb.com/images/media/meals/thazgm1555350962.jpg','photo of Home-made Mandazi'
'https://www.themealdb.com/images/media/meals/kvbotn1581012881.jpg','photo of Honey Balsamic Chicken with Crispy Broccoli & Potatoes'
'https://www.themealdb.com/images/media/meals/y2irzl1585563479.jpg','photo of Honey Yogurt Cheesecake'
'https://www.themealdb.com/images/media/meals/n41ny81608588066.jpg','photo of Ham hock colcannon'
'https://www.themealdb.com/images/media/meals/sxxpst1468569714.jpg','photo of Irish stew'
'https://www.themealdb.com/images/media/meals/ysqupp1511640538.jpg','photo of Jam Roly-Poly'
'https://www.themealdb.com/images/media/meals/tytyxu1515363282.jpg','photo of Jerk chicken with rice & peas'
'https://www.themealdb.com/images/media/meals/wsqqsw1515364068.jpg','photo of Jamaican Beef Patties'
'https://www.themealdb.com/images/media/meals/kw92t41604181871.jpg','photo of Japanese gohan rice'
'https://www.themealdb.com/images/media/meals/d8f6qx1604182128.jpg','photo of Japanese Katsudon'
'https://www.themealdb.com/images/media/meals/sxysrt1468240488.jpg','photo of Kapsalon'
'https://www.themealdb.com/images/media/meals/xqusqy1487348868.jpg','photo of Kentucky Fried Chicken'
'https://www.themealdb.com/images/media/meals/vwrpps1503068729.jpg','photo of Katsu Chicken curry'
'https://www.themealdb.com/images/media/meals/qpqtuu1511386216.jpg','photo of Key Lime Pie'
'https://www.themealdb.com/images/media/meals/sywrsu1511463066.jpg','photo of Kidney Bean Curry'
'https://www.themealdb.com/images/media/meals/utxqpt1511639216.jpg','photo of Kedgeree'
'https://www.themealdb.com/images/media/meals/1525872624.jpg','photo of Kung Pao Chicken'
'https://www.themealdb.com/images/media/meals/1525873040.jpg','photo of Kung Po Prawns'
'https://www.themealdb.com/images/media/meals/1bsv1q1560459826.jpg','photo of Kafteji'
'https://www.themealdb.com/images/media/meals/8x09hy1560460923.jpg','photo of Keleya Zaara'
'https://www.themealdb.com/images/media/meals/mlchx21564916997.jpg','photo of Kumpir'
'https://www.themealdb.com/images/media/meals/4i5cnx1587672171.jpg','photo of Krispy Kreme Donut'
'https://www.themealdb.com/images/media/meals/4er7mj1598733193.jpg','photo of Koshari'
'https://www.themealdb.com/images/media/meals/qtwtss1468572261.jpg','photo of Lamb tomato and sweet spices'
'https://www.themealdb.com/images/media/meals/xrttsx1487339558.jpg','photo of Lamb Biryani'
'https://www.themealdb.com/images/media/meals/vvstvq1487342592.jpg','photo of Lamb Rogan josh'
'https://www.themealdb.com/images/media/meals/rvypwy1503069308.jpg','photo of Laksa King Prawn Noodles'
'https://www.themealdb.com/images/media/meals/yuwtuu1511295751.jpg','photo of Lamb Tagine'
'https://www.themealdb.com/images/media/meals/wtsvxx1511296896.jpg','photo of Lasagne'
'https://www.themealdb.com/images/media/meals/sxrpws1511555907.jpg','photo of Lamb and Potato pie'
'https://www.themealdb.com/images/media/meals/uttrxw1511637813.jpg','photo of Lancashire hotpot'
'https://www.themealdb.com/images/media/meals/x2fw9e1560460636.jpg','photo of Leblebi Soup'
'https://www.themealdb.com/images/media/meals/xr0n4r1576788363.jpg','photo of Lasagna Sandwiches'
'https://www.themealdb.com/images/media/meals/rjhf741585564676.jpg','photo of Lamb and Lemon Souvlaki'
'https://www.themealdb.com/images/media/meals/k420tj1585565244.jpg','photo of Lamb Tzatziki Burgers'
'https://www.themealdb.com/images/media/meals/kos9av1699014767.jpg','photo of Lamb Pilaf (Plov)'
'https://www.themealdb.com/images/media/meals/wvqpwt1468339226.jpg','photo of Mediterranean Pasta Salad'
'https://www.themealdb.com/images/media/meals/tvttqv1504640475.jpg','photo of Massaman Beef curry'
'https://www.themealdb.com/images/media/meals/ssyqwr1511451678.jpg','photo of Mushroom & Chestnut Rotolo'
'https://www.themealdb.com/images/media/meals/xxpqsy1511452222.jpg','photo of Matar Paneer'
'https://www.themealdb.com/images/media/meals/xwutvy1511555540.jpg','photo of Minced Beef Pie'
'https://www.themealdb.com/images/media/meals/vssrtx1511557680.jpg','photo of McSinghs Scotch pie'
'https://www.themealdb.com/images/media/meals/urtqut1511723591.jpg','photo of Madeira Cake'
'https://www.themealdb.com/images/media/meals/uttupv1511815050.jpg','photo of Montreal Smoked Meat'
'https://www.themealdb.com/images/media/meals/1525874812.jpg','photo of Ma Po Tofu'
'https://www.themealdb.com/images/media/meals/cuio7s1555492979.jpg','photo of Mbuzi Choma (Roasted Goat)'
'https://www.themealdb.com/images/media/meals/qe8pf51576795532.jpg','photo of Mince Pies'
'https://www.themealdb.com/images/media/meals/ctg8jd1585563097.jpg','photo of Moussaka'
'https://www.themealdb.com/images/media/meals/x372ug1598733932.jpg','photo of Mulukhiyah'
'https://www.themealdb.com/images/media/meals/o7p9581608589317.jpg','photo of Mustard champ'
'https://www.themealdb.com/images/media/meals/jcr46d1614763831.jpg','photo of Moroccan Carrot Soup'
'https://www.themealdb.com/images/media/meals/xquakq1619787532.jpg','photo of Mee goreng mamak'
'https://www.themealdb.com/images/media/meals/1ngcbf1628770793.jpg','photo of Mushroom soup with buckwheat'
'https://www.themealdb.com/images/media/meals/yxsurp1511304301.jpg','photo of Nutty Chicken Curry'
'https://www.themealdb.com/images/media/meals/swttys1511385853.jpg','photo of New York cheesecake'
'https://www.themealdb.com/images/media/meals/vwuprt1511813703.jpg','photo of Nanaimo Bars'
'https://www.themealdb.com/images/media/meals/wai9bw1619788844.jpg','photo of Nasi lemak'
'https://www.themealdb.com/images/media/meals/wwuqvt1487345467.jpg','photo of Osso Buco alla Milanese'
'https://www.themealdb.com/images/media/meals/1520083578.jpg','photo of Oxtail with broad beans'
'https://www.themealdb.com/images/media/meals/uuuspp1468263334.jpg','photo of Pad See Ew'
'https://www.themealdb.com/images/media/meals/qwrtut1468418027.jpg','photo of Potato Gratin with Chicken'
'https://www.themealdb.com/images/media/meals/uuyrrx1487327597.jpg','photo of Poutine'
'https://www.themealdb.com/images/media/meals/vvtvtr1511180578.jpg','photo of Pilchard puttanesca'
'https://www.themealdb.com/images/media/meals/wxuvuv1511299147.jpg','photo of Pork Cassoulet'
'https://www.themealdb.com/images/media/meals/rwuyqx1511383174.jpg','photo of Pancakes'
'https://www.themealdb.com/images/media/meals/usuqtp1511385394.jpg','photo of Pumpkin Pie'
'https://www.themealdb.com/images/media/meals/qtuuys1511387068.jpg','photo of Peanut Butter Cheesecake'
'https://www.themealdb.com/images/media/meals/ssxvup1511387476.jpg','photo of Peach & Blueberry Grunt'
'https://www.themealdb.com/images/media/meals/qxuqtt1511724269.jpg','photo of Parkin Cake'
'https://www.themealdb.com/images/media/meals/rxvxrr1511797671.jpg','photo of Pear Tarte Tatin'
'https://www.themealdb.com/images/media/meals/qwtrtp1511799242.jpg','photo of Provenal Omelette Cake'
'https://www.themealdb.com/images/media/meals/rtwwvv1511799504.jpg','photo of Prawn & Fennel Bisque'
'https://www.themealdb.com/images/media/meals/yyrrxr1511816289.jpg','photo of Pate Chinois'
'https://www.themealdb.com/images/media/meals/yqqqwu1511816912.jpg','photo of Pouding chomeur'
'https://www.themealdb.com/images/media/meals/1544384070.jpg','photo of Peanut Butter Cookies'
'https://www.themealdb.com/images/media/meals/x0lk931587671540.jpg','photo of Pizza Express Margherita'
'https://www.themealdb.com/images/media/meals/c9a3l31593261890.jpg','photo of Paszteciki (Polish Pasties)'
'https://www.themealdb.com/images/media/meals/45xxr21593348847.jpg','photo of Pierogi (Polish Dumplings)'
'https://www.themealdb.com/images/media/meals/58bkyo1593350017.jpg','photo of Polskie Naleniki (Polish Pancakes)'
'https://www.themealdb.com/images/media/meals/hglsbl1614346998.jpg','photo of Piri-piri chicken and slaw'
'https://www.themealdb.com/images/media/meals/ewcikl1614348364.jpg','photo of Portuguese prego with green piri-piri'
'https://www.themealdb.com/images/media/meals/cybyue1614349443.jpg','photo of Portuguese barbecued pork (Febras assadas)'
'https://www.themealdb.com/images/media/meals/do7zps1614349775.jpg','photo of Portuguese fish stew (Caldeirada de peixe)'
'https://www.themealdb.com/images/media/meals/vmz7gl1614350221.jpg','photo of Portuguese custard tarts'
'https://www.themealdb.com/images/media/meals/ebvuir1699013665.jpg','photo of Potato Salad (Olivier Salad)'
'https://www.themealdb.com/images/media/meals/qtqvys1468573168.jpg','photo of Rigatoni with fennel sausage sauce'
'https://www.themealdb.com/images/media/meals/vtxyxv1483567157.jpg','photo of Rocky Road Fudge'
'https://www.themealdb.com/images/media/meals/uwxusv1487344500.jpg','photo of Recheado Masala Fish'
'https://www.themealdb.com/images/media/meals/xrrwpx1487347049.jpg','photo of Ribollita'
'https://www.themealdb.com/images/media/meals/ysqrus1487425681.jpg','photo of Roasted Eggplant With Tahini, Pine Nuts, and Lentils'
'https://www.themealdb.com/images/media/meals/tqrrsq1511723764.jpg','photo of Rock Cakes'
'https://www.themealdb.com/images/media/meals/wrpwuu1511786491.jpg','photo of Ratatouille'
'https://www.themealdb.com/images/media/meals/ruwpww1511817242.jpg','photo of Rappie Pie'
'https://www.themealdb.com/images/media/meals/sqpqtp1515365614.jpg','photo of Red Peas Soup'
'https://www.themealdb.com/images/media/meals/1520081754.jpg','photo of Roast fennel and aubergine paella'
'https://www.themealdb.com/images/media/meals/lx1kkj1593349302.jpg','photo of Ros (Polish Chicken Soup)'
'https://www.themealdb.com/images/media/meals/7mxnzz1593350801.jpg','photo of Rogaliki (Polish Croissant Cookies)'
'https://www.themealdb.com/images/media/meals/hx335q1619789561.jpg','photo of Roti john'
'https://www.themealdb.com/images/media/meals/sutysw1468247559.jpg','photo of Spaghetti Bolognese'
'https://www.themealdb.com/images/media/meals/ustsqw1468250014.jpg','photo of Spicy Arrabiata Penne'
'https://www.themealdb.com/images/media/meals/uwxqwy1483389553.jpg','photo of Smoky Lentil Chili with Squash'
'https://www.themealdb.com/images/media/meals/xrptpq1483909204.jpg','photo of Sticky Toffee Pudding Ultimate'
'https://www.themealdb.com/images/media/meals/urtwux1486983078.jpg','photo of Spicy North African Potato Salad'
'https://www.themealdb.com/images/media/meals/yqwtvu1487426027.jpg','photo of Stovetop Eggplant With Harissa, Chickpeas, and Cumin Yogurt'
'https://www.themealdb.com/images/media/meals/xxrxux1503070723.jpg','photo of Salmon Prawn Risotto'
'https://www.themealdb.com/images/media/meals/xqrwyr1511133646.jpg','photo of Salted Caramel Cheescake'
'https://www.themealdb.com/images/media/meals/wqqvyq1511179730.jpg','photo of Seafood fideu'
'https://www.themealdb.com/images/media/meals/wspuvp1511303478.jpg','photo of Spinach & Ricotta Cannelloni'
'https://www.themealdb.com/images/media/meals/wxswxy1511452625.jpg','photo of Squash linguine'
'https://www.themealdb.com/images/media/meals/quuxsx1511476154.jpg','photo of Spanish Tortilla'
'https://www.themealdb.com/images/media/meals/qysyss1511558054.jpg','photo of Steak and Kidney Pie'
'https://www.themealdb.com/images/media/meals/xqqqtu1511637379.jpg','photo of Sticky Toffee Pudding'
'https://www.themealdb.com/images/media/meals/xqvyqr1511638875.jpg','photo of Spotted Dick'
'https://www.themealdb.com/images/media/meals/rsqwus1511640214.jpg','photo of Summer Pudding'
'https://www.themealdb.com/images/media/meals/rqtxvr1511792990.jpg','photo of Summer Pistou'
'https://www.themealdb.com/images/media/meals/xxtsvx1511814083.jpg','photo of Split Pea Soup'
'https://www.themealdb.com/images/media/meals/yrstur1511816601.jpg','photo of Sugar Pie'
'https://www.themealdb.com/images/media/meals/vussxq1511882648.jpg','photo of Steak Diane'
'https://www.themealdb.com/images/media/meals/vytypy1511883765.jpg','photo of Saltfish and Ackee'
'https://www.themealdb.com/images/media/meals/1529442316.jpg','photo of Sweet and Sour Pork'
'https://www.themealdb.com/images/media/meals/1529443236.jpg','photo of Szechuan Beef'
'https://www.themealdb.com/images/media/meals/1529445434.jpg','photo of Shrimp Chow Fun'
'https://www.themealdb.com/images/media/meals/1549542994.jpg','photo of Salmon Avocado Salad'
'https://www.themealdb.com/images/media/meals/1550440197.jpg','photo of Salmon Eggs Eggs Benedict'
'https://www.themealdb.com/images/media/meals/g373701551450225.jpg','photo of Shakshuka'
'https://www.themealdb.com/images/media/meals/1550441275.jpg','photo of Smoked Haddock Kedgeree'
'https://www.themealdb.com/images/media/meals/hyarod1565090529.jpg','photo of Stamppot'
'https://www.themealdb.com/images/media/meals/9ptx0a1565090843.jpg','photo of Snert (Dutch Split Pea Soup)'
'https://www.themealdb.com/images/media/meals/llcbn01574260722.jpg','photo of Spaghetti alla Carbonara'
'https://www.themealdb.com/images/media/meals/o2wb6p1581005243.jpg','photo of Soy-Glazed Meatloaves with Wasabi Mashed Potatoes & Roasted Carrots'
'https://www.themealdb.com/images/media/meals/h3ijwo1581013377.jpg','photo of Skillet Apple Pork Chops with Roasted Sweet Potatoes & Zucchini'
'https://www.themealdb.com/images/media/meals/178z5o1585514569.jpg','photo of Strawberry Rhubarb Pie'
'https://www.themealdb.com/images/media/meals/u55lbp1585564013.jpg','photo of Stuffed Lamb Tomatoes'
'https://www.themealdb.com/images/media/meals/7ttta31593350374.jpg','photo of Sledz w Oleju (Polish Herrings)'
'https://www.themealdb.com/images/media/meals/kcv6hj1598733479.jpg','photo of Shawarma'
'https://www.themealdb.com/images/media/meals/1c5oso1614347493.jpg','photo of Spring onion and prawn empanadas'
'https://www.themealdb.com/images/media/meals/6ut2og1619790195.jpg','photo of Seri muka kuih'
'https://www.themealdb.com/images/media/meals/g046bb1663960946.jpg','photo of Sushi'
'https://www.themealdb.com/images/media/meals/b66myb1683207208.jpg','photo of Stuffed Bell Peppers with Quinoa and Black Beans'
'https://www.themealdb.com/images/media/meals/oe8rg51699014028.jpg','photo of Strawberries Romanoff'
'https://www.themealdb.com/images/media/meals/wvpsxx1468256321.jpg','photo of Teriyaki Chicken Casserole'
'https://www.themealdb.com/images/media/meals/qptpvt1487339892.jpg','photo of Tandoori chicken'
'https://www.themealdb.com/images/media/meals/sstssx1487349585.jpg','photo of Thai Green Curry'
'https://www.themealdb.com/images/media/meals/ytuvwr1503070420.jpg','photo of Toad In The Hole'
'https://www.themealdb.com/images/media/meals/ypuxtw1511297463.jpg','photo of Turkey Meatloaf'
'https://www.themealdb.com/images/media/meals/yypwwq1511304979.jpg','photo of Tuna Nicoise'
'https://www.themealdb.com/images/media/meals/vpxyqt1511464175.jpg','photo of Tahini Lentils'
'https://www.themealdb.com/images/media/meals/spswqs1511558697.jpg','photo of Three Fish Pie'
'https://www.themealdb.com/images/media/meals/wprvrw1511641295.jpg','photo of Treacle Tart'
'https://www.themealdb.com/images/media/meals/ryspuw1511786688.jpg','photo of Tarte Tatin'
'https://www.themealdb.com/images/media/meals/sxwquu1511793428.jpg','photo of Three-cheese souffles'
'https://www.themealdb.com/images/media/meals/ytpstt1511814614.jpg','photo of Tourtiere'
'https://www.themealdb.com/images/media/meals/txsupu1511815755.jpg','photo of Timbits'
'https://www.themealdb.com/images/media/meals/y4jpgq1560459207.jpg','photo of Tunisian Orange Cake'
'https://www.themealdb.com/images/media/meals/t8mn9g1560460231.jpg','photo of Tunisian Lamb Soup'
'https://www.themealdb.com/images/media/meals/2dsltq1560461468.jpg','photo of Tuna and Egg Briks'
'https://www.themealdb.com/images/media/meals/n3xxd91598732796.jpg','photo of Tamiya'
'https://www.themealdb.com/images/media/meals/lwsnkl1604181187.jpg','photo of Tonkatsu pork'
'https://www.themealdb.com/images/media/meals/n1hcou1628770088.jpg','photo of Traditional Croatian Goulash'
'https://www.themealdb.com/images/media/meals/va668f1683209318.jpg','photo of Tortang Talong'
'https://www.themealdb.com/images/media/meals/rvxxuy1468312893.jpg','photo of Vegan Lasagna'
'https://www.themealdb.com/images/media/meals/qxutws1486978099.jpg','photo of Vegan Chocolate Cake'
'https://www.themealdb.com/images/media/meals/qqwypw1504642429.jpg','photo of Vietnamese Grilled Pork (bun-thit-nuong)'
'https://www.themealdb.com/images/media/meals/qvrwpt1511181864.jpg','photo of Venetian Duck Ragu'
'https://www.themealdb.com/images/media/meals/vptwyt1511450962.jpg','photo of Vegetarian Casserole'
'https://www.themealdb.com/images/media/meals/wqurxy1511453156.jpg','photo of Vegetarian Chilli'
'https://www.themealdb.com/images/media/meals/w8umt11583268117.jpg','photo of Vegetable Shepherd's Pie'
'https://www.themealdb.com/images/media/meals/uryqru1511798039.jpg','photo of White chocolate creme brulee'
'https://www.themealdb.com/images/media/meals/1525876468.jpg','photo of Wontons'
'https://www.themealdb.com/images/media/meals/u9l7k81628771647.jpg','photo of Walnut Roll Guvara'
'https://www.themealdb.com/images/media/meals/wrustq1511475474.jpg','photo of Yaki Udon'
